{
    "name": "root",
    "metadata": {
        "timer_format_version": "0.1.0",
        "start_time_seconds": "1689239307",
        "python_version": "3.9.13 (tags/v3.9.13:6de2ca5, May 17 2022, 16:36:42) [MSC v.1929 64 bit (AMD64)]",
        "command_line_arguments": "C:\\Users\\USER\\AppData\\Local\\Programs\\Python\\Python39\\Scripts\\mlagents-learn .\\RollerBall.yaml --run-id=RL5",
        "mlagents_version": "0.30.0",
        "mlagents_envs_version": "0.30.0",
        "communication_protocol_version": "1.5.0",
        "pytorch_version": "2.0.1+cpu",
        "numpy_version": "1.21.2",
        "end_time_seconds": "1689239400"
    },
    "total": 92.9218534,
    "count": 1,
    "self": 31.093942000000013,
    "children": {
        "run_training.setup": {
            "total": 0.14454050000000018,
            "count": 1,
            "self": 0.14454050000000018
        },
        "TrainerController.start_learning": {
            "total": 61.68337089999999,
            "count": 1,
            "self": 0.020830000000088944,
            "children": {
                "TrainerController._reset_env": {
                    "total": 8.0838368,
                    "count": 1,
                    "self": 8.0838368
                },
                "TrainerController.advance": {
                    "total": 53.44011649999991,
                    "count": 1025,
                    "self": 0.020052000000021053,
                    "children": {
                        "env_step": {
                            "total": 52.16605409999991,
                            "count": 1025,
                            "self": 51.387574299999756,
                            "children": {
                                "SubprocessEnvManager._take_step": {
                                    "total": 0.7666707000001232,
                                    "count": 1026,
                                    "self": 0.0694600000001735,
                                    "children": {
                                        "TorchPolicy.evaluate": {
                                            "total": 0.6972106999999497,
                                            "count": 998,
                                            "self": 0.6972106999999497
                                        }
                                    }
                                },
                                "workers": {
                                    "total": 0.011809100000029105,
                                    "count": 1024,
                                    "self": 0.0,
                                    "children": {
                                        "worker_root": {
                                            "total": 7.5850364999999815,
                                            "count": 1024,
                                            "is_parallel": true,
                                            "self": 2.882342299999948,
                                            "children": {
                                                "steps_from_proto": {
                                                    "total": 0.0005307999999981661,
                                                    "count": 2,
                                                    "is_parallel": true,
                                                    "self": 0.00020320000000673133,
                                                    "children": {
                                                        "_process_rank_one_or_two_observation": {
                                                            "total": 0.00032759999999143474,
                                                            "count": 4,
                                                            "is_parallel": true,
                                                            "self": 0.00032759999999143474
                                                        }
                                                    }
                                                },
                                                "UnityEnvironment.step": {
                                                    "total": 4.702163400000035,
                                                    "count": 1024,
                                                    "is_parallel": true,
                                                    "self": 0.07928010000009778,
                                                    "children": {
                                                        "UnityEnvironment._generate_step_input": {
                                                            "total": 0.0681352000000004,
                                                            "count": 1024,
                                                            "is_parallel": true,
                                                            "self": 0.0681352000000004
                                                        },
                                                        "communicator.exchange": {
                                                            "total": 4.355611900000023,
                                                            "count": 1024,
                                                            "is_parallel": true,
                                                            "self": 4.355611900000023
                                                        },
                                                        "steps_from_proto": {
                                                            "total": 0.1991361999999146,
                                                            "count": 1024,
                                                            "is_parallel": true,
                                                            "self": 0.09060799999999425,
                                                            "children": {
                                                                "_process_rank_one_or_two_observation": {
                                                                    "total": 0.10852819999992036,
                                                                    "count": 2048,
                                                                    "is_parallel": true,
                                                                    "self": 0.10852819999992036
                                                                }
                                                            }
                                                        }
                                                    }
                                                }
                                            }
                                        }
                                    }
                                }
                            }
                        },
                        "trainer_advance": {
                            "total": 1.254010399999979,
                            "count": 1024,
                            "self": 0.024437099999989442,
                            "children": {
                                "process_trajectory": {
                                    "total": 0.07875109999998742,
                                    "count": 1024,
                                    "self": 0.07875109999998742
                                },
                                "_update_policy": {
                                    "total": 1.1508222000000021,
                                    "count": 8,
                                    "self": 0.13030109999999695,
                                    "children": {
                                        "TorchPPOOptimizer.update": {
                                            "total": 1.0205211000000052,
                                            "count": 291,